Reporter,Partner,Product categories,Indicator Type,Indicator,2015,2014,2013,2012,2011,2010,2009,2008,2007,2006,2005,2004,2003,2002,2001,2000,1999,1998,1997,1996,1995,1994,1993,1992,1991,1990,1989,1988
French Guiana,...,...,Export,No. Of Export partners,,,,,,,,,,,,,,,,,,,,,             27.00,             23.00,,,,,,
French Guiana,...,...,Export,No. Of Export products,,,,,,,,,,,,,,,,,,,,,            401.00,            422.00,,,,,,
French Guiana,...,...,Import,No. Of Import partners,,,,,,,,,,,,,,,,,,,,,             95.00,             89.00,,,,,,
French Guiana,...,...,Import,No. Of Import products,,,,,,,,,,,,,,,,,,,,,           2730.00,           2713.00,,,,,,
French Guiana,...,...,Tariff,No. Of Tariff Agreement,,,,,,,,,,,,,,,,,,,,,,,,,,,,
French Guiana,Belgium-Luxembourg,All Products,Export,Trade (US$ Mil)-Top 5 Export Partner,,,,,,,,,,,,,,,,,,,,,              5.02,,,,,,,
French Guiana,Belgium-Luxembourg,All Products,Import,Trade (US$ Mil)-Top 5 Import Partner,,,,,,,,,,,,,,,,,,,,,             32.48,,,,,,,
French Guiana,France,All Products,Export,Trade (US$ Mil)-Top 5 Export Partner,,,,,,,,,,,,,,,,,,,,,            109.14,            106.64,,,,,,
French Guiana,France,All Products,Import,Trade (US$ Mil)-Top 5 Import Partner,,,,,,,,,,,,,,,,,,,,,            475.81,            410.13,,,,,,
French Guiana,Germany,All Products,Import,Trade (US$ Mil)-Top 5 Import Partner,,,,,,,,,,,,,,,,,,,,,,             26.34,,,,,,
French Guiana,Guadeloupe,All Products,Export,Trade (US$ Mil)-Top 5 Export Partner,,,,,,,,,,,,,,,,,,,,,             13.36,             10.21,,,,,,
French Guiana,Italy,All Products,Import,Trade (US$ Mil)-Top 5 Import Partner,,,,,,,,,,,,,,,,,,,,,             38.06,             39.92,,,,,,
French Guiana,Martinique,All Products,Export,Trade (US$ Mil)-Top 5 Export Partner,,,,,,,,,,,,,,,,,,,,,              7.68,              7.62,,,,,,
French Guiana,Switzerland,All Products,Export,Trade (US$ Mil)-Top 5 Export Partner,,,,,,,,,,,,,,,,,,,,,              8.87,              5.53,,,,,,
French Guiana,Trinidad and Tobago,All Products,Import,Trade (US$ Mil)-Top 5 Import Partner,,,,,,,,,,,,,,,,,,,,,             40.23,             44.71,,,,,,
French Guiana,United States,All Products,Export,Trade (US$ Mil)-Top 5 Export Partner,,,,,,,,,,,,,,,,,,,,,,              7.47,,,,,,
French Guiana,Unspecified,All Products,Import,Trade (US$ Mil)-Top 5 Import Partner,,,,,,,,,,,,,,,,,,,,,             45.72,             31.98,,,,,,
French Guiana,World,All Products,Tariff,Duty Free Imports (US$ Thousand),,,,,,,,,,,,,,,,,,,,,,,,,,,,
French Guiana,World,Animal,Export,Export(US$ Mil),,,,,,,,,,,,,,,,,,,,,             40.36,             36.17,,,,,,
French Guiana,World,Capital goods,Export,Export(US$ Mil),,,,,,,,,,,,,,,,,,,,,             47.60,             40.18,,,,,,
French Guiana,World,Chemicals,Export,Export(US$ Mil),,,,,,,,,,,,,,,,,,,,,              2.17,              1.29,,,,,,
French Guiana,World,Consumer goods,Export,Export(US$ Mil),,,,,,,,,,,,,,,,,,,,,             20.72,             43.66,,,,,,
French Guiana,World,Food Products,Export,Export(US$ Mil),,,,,,,,,,,,,,,,,,,,,              0.01,              0.01,,,,,,
French Guiana,World,Footwear,Export,Export(US$ Mil),,,,,,,,,,,,,,,,,,,,,              0.01,              0.01,,,,,,
French Guiana,World,Fuels,Export,Export(US$ Mil),,,,,,,,,,,,,,,,,,,,,              0.31,              0.00,,,,,,
French Guiana,World,Hides and Skins,Export,Export(US$ Mil),,,,,,,,,,,,,,,,,,,,,              0.00,              0.32,,,,,,
French Guiana,World,Intermediate goods,Export,Export(US$ Mil),,,,,,,,,,,,,,,,,,,,,             39.71,             22.28,,,,,,
French Guiana,World,Mach and Elec,Export,Export(US$ Mil),,,,,,,,,,,,,,,,,,,,,             11.46,              8.24,,,,,,
French Guiana,World,Metals,Export,Export(US$ Mil),,,,,,,,,,,,,,,,,,,,,             15.13,             33.37,,,,,,
French Guiana,World,Minerals,Export,Export(US$ Mil),,,,,,,,,,,,,,,,,,,,,              0.00,              0.01,,,,,,
French Guiana,World,Miscellaneous,Export,Export(US$ Mil),,,,,,,,,,,,,,,,,,,,,              9.23,              3.70,,,,,,
French Guiana,World,Plastic or Rubber,Export,Export(US$ Mil),,,,,,,,,,,,,,,,,,,,,              0.04,              0.10,,,,,,
French Guiana,World,Raw materials,Export,Export(US$ Mil),,,,,,,,,,,,,,,,,,,,,             50.08,             42.66,,,,,,
French Guiana,World,Stone and Glass,Export,Export(US$ Mil),,,,,,,,,,,,,,,,,,,,,             25.19,             15.87,,,,,,
French Guiana,World,Textiles and Clothing,Export,Export(US$ Mil),,,,,,,,,,,,,,,,,,,,,              0.55,              9.75,,,,,,
French Guiana,World,Transportation,Export,Export(US$ Mil),,,,,,,,,,,,,,,,,,,,,             40.67,             29.42,,,,,,
French Guiana,World,Vegetable,Export,Export(US$ Mil),,,,,,,,,,,,,,,,,,,,,             10.48,              7.53,,,,,,
French Guiana,World,Wood,Export,Export(US$ Mil),,,,,,,,,,,,,,,,,,,,,              2.56,              3.07,,,,,,
French Guiana,World,All Products,Export,Exports (in US$ Mil),,,,,,,,,,,,,,,,,,,,,            158.17,            148.86,,,,,,
French Guiana,World,Capital goods,Import,Import(US$ Mil),,,,,,,,,,,,,,,,,,,,,            212.88,            202.13,,,,,,
French Guiana,World,Consumer goods,Import,Import(US$ Mil),,,,,,,,,,,,,,,,,,,,,            367.03,            309.10,,,,,,
French Guiana,World,Intermediate goods,Import,Import(US$ Mil),,,,,,,,,,,,,,,,,,,,,            147.55,            114.76,,,,,,
French Guiana,World,Raw materials,Import,Import(US$ Mil),,,,,,,,,,,,,,,,,,,,,             35.22,             31.00,,,,,,
French Guiana,World,All Products,Import,Imports (in US$ Mil),,,,,,,,,,,,,,,,,,,,,            783.25,            675.63,,,,,,
French Guiana,...,...,Trade Indicator,HH Market concentration index,,,,,,,,,,,,,,,,,,,,,      0.33,      0.29,,,,,,
French Guiana,...,...,Trade Indicator,Index of export market penetration,,,,,,,,,,,,,,,,,,,,,      1.37,      1.44,,,,,,
French Guiana,Belgium-Luxembourg,All Products,Export,Partner share(%)-Top 5 Export Partner,,,,,,,,,,,,,,,,,,,,,      3.17,,,,,,,
French Guiana,Belgium-Luxembourg,All Products,Import,Partner share(%)-Top 5 Import Partner,,,,,,,,,,,,,,,,,,,,,      4.15,,,,,,,
French Guiana,France,All Products,Export,Partner share(%)-Top 5 Export Partner,,,,,,,,,,,,,,,,,,,,,     69.00,     71.64,,,,,,
French Guiana,France,All Products,Import,Partner share(%)-Top 5 Import Partner,,,,,,,,,,,,,,,,,,,,,     60.75,     60.70,,,,,,
French Guiana,Germany,All Products,Import,Partner share(%)-Top 5 Import Partner,,,,,,,,,,,,,,,,,,,,,,      3.90,,,,,,
French Guiana,Guadeloupe,All Products,Export,Partner share(%)-Top 5 Export Partner,,,,,,,,,,,,,,,,,,,,,      8.45,      6.86,,,,,,
French Guiana,Italy,All Products,Import,Partner share(%)-Top 5 Import Partner,,,,,,,,,,,,,,,,,,,,,      4.86,      5.91,,,,,,
French Guiana,Martinique,All Products,Export,Partner share(%)-Top 5 Export Partner,,,,,,,,,,,,,,,,,,,,,      4.85,      5.12,,,,,,
French Guiana,Switzerland,All Products,Export,Partner share(%)-Top 5 Export Partner,,,,,,,,,,,,,,,,,,,,,      5.61,      3.72,,,,,,
French Guiana,Trinidad and Tobago,All Products,Import,Partner share(%)-Top 5 Import Partner,,,,,,,,,,,,,,,,,,,,,      5.14,      6.62,,,,,,
French Guiana,United States,All Products,Export,Partner share(%)-Top 5 Export Partner,,,,,,,,,,,,,,,,,,,,,,      5.02,,,,,,
French Guiana,Unspecified,All Products,Import,Partner share(%)-Top 5 Import Partner,,,,,,,,,,,,,,,,,,,,,      5.84,      4.73,,,,,,
French Guiana,World,All Products,Trade Indicator,Country Growth (%),,,,,,,,,,,,,,,,,,,,,      2.41,    154.85,,,,,,
French Guiana,World,All Products,Tariff,Duty Free Tariff Lines Share (%),,,,,,,,,,,,,,,,,,,,,,,,,,,,
French Guiana,World,Animal,Export,Export Product share(%),,,,,,,,,,,,,,,,,,,,,     25.52,     24.29,,,,,,
French Guiana,World,Capital goods,Export,Export Product share(%),,,,,,,,,,,,,,,,,,,,,     30.10,     26.99,,,,,,
French Guiana,World,Chemicals,Export,Export Product share(%),,,,,,,,,,,,,,,,,,,,,      1.37,      0.87,,,,,,
French Guiana,World,Consumer goods,Export,Export Product share(%),,,,,,,,,,,,,,,,,,,,,     13.10,     29.33,,,,,,
French Guiana,World,Food Products,Export,Export Product share(%),,,,,,,,,,,,,,,,,,,,,      0.01,      0.01,,,,,,
French Guiana,World,Footwear,Export,Export Product share(%),,,,,,,,,,,,,,,,,,,,,      0.01,      0.01,,,,,,
French Guiana,World,Fuels,Export,Export Product share(%),,,,,,,,,,,,,,,,,,,,,      0.19,      0.00,,,,,,
French Guiana,World,Hides and Skins,Export,Export Product share(%),,,,,,,,,,,,,,,,,,,,,      0.00,      0.21,,,,,,
French Guiana,World,Intermediate goods,Export,Export Product share(%),,,,,,,,,,,,,,,,,,,,,     25.11,     14.97,,,,,,
French Guiana,World,Mach and Elec,Export,Export Product share(%),,,,,,,,,,,,,,,,,,,,,      7.24,      5.53,,,,,,
French Guiana,World,Metals,Export,Export Product share(%),,,,,,,,,,,,,,,,,,,,,      9.56,     22.42,,,,,,
French Guiana,World,Minerals,Export,Export Product share(%),,,,,,,,,,,,,,,,,,,,,      0.00,      0.01,,,,,,
French Guiana,World,Miscellaneous,Export,Export Product share(%),,,,,,,,,,,,,,,,,,,,,      5.83,      2.49,,,,,,
French Guiana,World,Plastic or Rubber,Export,Export Product share(%),,,,,,,,,,,,,,,,,,,,,      0.03,      0.07,,,,,,
French Guiana,World,Raw materials,Export,Export Product share(%),,,,,,,,,,,,,,,,,,,,,     31.66,     28.66,,,,,,
French Guiana,World,Stone and Glass,Export,Export Product share(%),,,,,,,,,,,,,,,,,,,,,     15.93,     10.66,,,,,,
French Guiana,World,Textiles and Clothing,Export,Export Product share(%),,,,,,,,,,,,,,,,,,,,,      0.35,      6.55,,,,,,
French Guiana,World,Transportation,Export,Export Product share(%),,,,,,,,,,,,,,,,,,,,,     25.71,     19.76,,,,,,
French Guiana,World,Vegetable,Export,Export Product share(%),,,,,,,,,,,,,,,,,,,,,      6.63,      5.06,,,,,,
French Guiana,World,Wood,Export,Export Product share(%),,,,,,,,,,,,,,,,,,,,,      1.62,      2.06,,,,,,
French Guiana,World,Capital goods,Import,Import Product share(%),,,,,,,,,,,,,,,,,,,,,     27.18,     29.92,,,,,,
French Guiana,World,Consumer goods,Import,Import Product share(%),,,,,,,,,,,,,,,,,,,,,     46.86,     45.75,,,,,,
French Guiana,World,Intermediate goods,Import,Import Product share(%),,,,,,,,,,,,,,,,,,,,,     18.84,     16.99,,,,,,
French Guiana,World,Raw materials,Import,Import Product share(%),,,,,,,,,,,,,,,,,,,,,      4.50,      4.59,,,,,,
French Guiana,World,All Products,Tariff,Maximum Rate (%),,,,,,,,,,,,,,,,,,,,,,,,,,,,
French Guiana,World,All Products,Tariff,Simple Average (%),,,,,,,,,,,,,,,,,,,,,,,,,,,,
French Guiana,World,All Products,Tariff,Weighted Average (%),,,,,,,,,,,,,,,,,,,,,,,,,,,,
French Guiana,World,Capital goods,Tariff,Weighted Average (%),,,,,,,,,,,,,,,,,,,,,,,,,,,,
French Guiana,World,Consumer goods,Tariff,Weighted Average (%),,,,,,,,,,,,,,,,,,,,,,,,,,,,
French Guiana,World,Intermediate goods,Tariff,Weighted Average (%),,,,,,,,,,,,,,,,,,,,,,,,,,,,
French Guiana,World,Raw materials,Tariff,Weighted Average (%),,,,,,,,,,,,,,,,,,,,,,,,,,,,
French Guiana,World,All Products,Trade Indicator,World Growth (%),,,,,,,,,,,,,,,,,,,,,     11.51,     15.29,,,,,,
