Reporter,Partner,Product categories,Indicator Type,Indicator,2015,2014,2013,2012,2011,2010,2009,2008,2007,2006,2005,2004,2003,2002,2001,2000,1999,1998,1997,1996,1995,1994,1993,1992,1991,1990,1989,1988
Iraq,...,...,Development,GDP (current US$ Mil),         180068.54,         228730.70,         234648.37,         218000.99,         185749.66,         138516.72,         111660.86,         131613.66,          88840.05,          65140.29,          49954.89,          36627.90,,,,,,,,,,,,,,         179885.82,          65641.36,          62503.06
Iraq,...,...,Export,No. Of Export partners,,             16.00,,,,,,,,,,,,,,,,,,,,,,,,,,
Iraq,...,...,Export,No. Of Export products,,             21.00,,,,,,,,,,,,,,,,,,,,,,,,,,
Iraq,...,...,Import,No. Of Import partners,,             89.00,,,,,,,,,,,,,,,,,,,,,,,,,,
Iraq,...,...,Import,No. Of Import products,,           1280.00,,,,,,,,,,,,,,,,,,,,,,,,,,
Iraq,...,...,Tariff,No. Of Tariff Agreement,,,,,,,,,,,,,,,,,,,,,,,,,,,,
Iraq,...,...,Development,Trade Balance (current US$ Mil),          22973.73,          49100.00,          44600.00,          33590.00,          30952.80,           7391.50,            126.00,          25797.69,          15730.75,           8086.10,          -3520.22,          -2817.48,,,,,,,,,,,,,,            486.33,           -594.08,          -1953.04
Iraq,China,All Products,Import,Trade (US$ Mil)-Top 5 Import Partner,,          10506.36,,,,,,,,,,,,,,,,,,,,,,,,,,
Iraq,Jordan,All Products,Export,Trade (US$ Mil)-Top 5 Export Partner,,             13.59,,,,,,,,,,,,,,,,,,,,,,,,,,
Iraq,"Korea, Rep.",All Products,Import,Trade (US$ Mil)-Top 5 Import Partner,,           2904.52,,,,,,,,,,,,,,,,,,,,,,,,,,
Iraq,Syrian Arab Republic,All Products,Export,Trade (US$ Mil)-Top 5 Export Partner,,             33.60,,,,,,,,,,,,,,,,,,,,,,,,,,
Iraq,Turkey,All Products,Export,Trade (US$ Mil)-Top 5 Export Partner,,             17.74,,,,,,,,,,,,,,,,,,,,,,,,,,
Iraq,United Arab Emirates,All Products,Export,Trade (US$ Mil)-Top 5 Export Partner,,            128.68,,,,,,,,,,,,,,,,,,,,,,,,,,
Iraq,United Arab Emirates,All Products,Import,Trade (US$ Mil)-Top 5 Import Partner,,           5535.41,,,,,,,,,,,,,,,,,,,,,,,,,,
Iraq,United States,All Products,Import,Trade (US$ Mil)-Top 5 Import Partner,,           2431.06,,,,,,,,,,,,,,,,,,,,,,,,,,
Iraq,Unspecified,All Products,Export,Trade (US$ Mil)-Top 5 Export Partner,,          84303.30,,,,,,,,,,,,,,,,,,,,,,,,,,
Iraq,Unspecified,All Products,Import,Trade (US$ Mil)-Top 5 Import Partner,,           5225.90,,,,,,,,,,,,,,,,,,,,,,,,,,
Iraq,World,All Products,Tariff,Duty Free Imports (US$ Thousand),,,,,,,,,,,,,,,,,,,,,,,,,,,,
Iraq,World,Animal,Export,Export(US$ Mil),,              3.23,,,,,,,,,,,,,,,,,,,,,,,,,,
Iraq,World,Capital goods,Export,Export(US$ Mil),,              0.01,,,,,,,,,,,,,,,,,,,,,,,,,,
Iraq,World,Chemicals,Export,Export(US$ Mil),,             66.32,,,,,,,,,,,,,,,,,,,,,,,,,,
Iraq,World,Consumer goods,Export,Export(US$ Mil),,            304.50,,,,,,,,,,,,,,,,,,,,,,,,,,
Iraq,World,Food Products,Export,Export(US$ Mil),,              1.39,,,,,,,,,,,,,,,,,,,,,,,,,,
Iraq,World,Footwear,Export,Export(US$ Mil),,,,,,,,,,,,,,,,,,,,,,,,,,,,
Iraq,World,Fuels,Export,Export(US$ Mil),,          84409.75,,,,,,,,,,,,,,,,,,,,,,,,,,
Iraq,World,Hides and Skins,Export,Export(US$ Mil),,             18.68,,,,,,,,,,,,,,,,,,,,,,,,,,
Iraq,World,Intermediate goods,Export,Export(US$ Mil),,             50.32,,,,,,,,,,,,,,,,,,,,,,,,,,
Iraq,World,Mach and Elec,Export,Export(US$ Mil),,              0.01,,,,,,,,,,,,,,,,,,,,,,,,,,
Iraq,World,Metals,Export,Export(US$ Mil),,,,,,,,,,,,,,,,,,,,,,,,,,,,
Iraq,World,Minerals,Export,Export(US$ Mil),,,,,,,,,,,,,,,,,,,,,,,,,,,,
Iraq,World,Miscellaneous,Export,Export(US$ Mil),,              0.01,,,,,,,,,,,,,,,,,,,,,,,,,,
Iraq,World,Plastic or Rubber,Export,Export(US$ Mil),,              0.13,,,,,,,,,,,,,,,,,,,,,,,,,,
Iraq,World,Raw materials,Export,Export(US$ Mil),,          84151.21,,,,,,,,,,,,,,,,,,,,,,,,,,
Iraq,World,Stone and Glass,Export,Export(US$ Mil),,,,,,,,,,,,,,,,,,,,,,,,,,,,
Iraq,World,Textiles and Clothing,Export,Export(US$ Mil),,              0.22,,,,,,,,,,,,,,,,,,,,,,,,,,
Iraq,World,Transportation,Export,Export(US$ Mil),,,,,,,,,,,,,,,,,,,,,,,,,,,,
Iraq,World,Vegetable,Export,Export(US$ Mil),,              6.31,,,,,,,,,,,,,,,,,,,,,,,,,,
Iraq,World,Wood,Export,Export(US$ Mil),,,,,,,,,,,,,,,,,,,,,,,,,,,,
Iraq,World,All Products,Export,Exports (in US$ Mil),,          84506.04,,,,,,,,,,,,,,,,,,,,,,,,,,
Iraq,World,Capital goods,Import,Import(US$ Mil),,           7043.06,,,,,,,,,,,,,,,,,,,,,,,,,,
Iraq,World,Consumer goods,Import,Import(US$ Mil),,          16240.98,,,,,,,,,,,,,,,,,,,,,,,,,,
Iraq,World,Intermediate goods,Import,Import(US$ Mil),,          11717.72,,,,,,,,,,,,,,,,,,,,,,,,,,
Iraq,World,Raw materials,Import,Import(US$ Mil),,           2030.27,,,,,,,,,,,,,,,,,,,,,,,,,,
Iraq,World,All Products,Import,Imports (in US$ Mil),,          37064.48,,,,,,,,,,,,,,,,,,,,,,,,,,
Iraq,...,...,Development,"GNI per capita, Atlas method (current US$)",   5820.00,   6560.00,   6840.00,   6100.00,   4790.00,   4410.00,   4020.00,   3530.00,   2510.00,   2020.00,,,,,,,,,,,,,,,,   7020.00,   3710.00,   3710.00
Iraq,...,...,Trade Indicator,HH Market concentration index,,      0.13,,,,,,,,,,,,,,,,,,,,,,,,,,
Iraq,...,...,Trade Indicator,Index of export market penetration,,      1.57,,,,,,,,,,,,,,,,,,,,,,,,,,
Iraq,...,...,Development,Trade (% of GDP),     56.91,     63.35,     60.35,     73.61,     72.17,     73.50,     78.69,     81.06,     74.09,     89.65,    115.74,    120.23,    154.23,    119.76,    126.78,    125.34,    138.31,    132.24,    106.19,      0.03,      0.02,      0.10,      0.54,      1.92,      3.79,     15.13,     44.84,     42.50
Iraq,...,...,Development,Trade Balance (% of GDP),     12.76,     21.47,     19.01,     15.41,     16.66,      5.34,      0.11,     19.60,     17.71,     12.41,     -7.05,     -7.69,      0.55,     21.38,      3.77,     26.07,     16.96,     23.55,     21.51,     -0.01,     -0.01,     -0.03,     -0.39,     -0.76,     -1.21,      0.27,     -0.91,     -3.12
Iraq,...,...,Development,Trade in services (% of GDP),,,,      7.40,      7.51,      9.17,      9.63,      6.89,      6.45,      8.98,     12.91,,,,,,,,,,,,,,,,,
Iraq,China,All Products,Import,Partner share(%)-Top 5 Import Partner,,     28.35,,,,,,,,,,,,,,,,,,,,,,,,,,
Iraq,Jordan,All Products,Export,Partner share(%)-Top 5 Export Partner,,      0.02,,,,,,,,,,,,,,,,,,,,,,,,,,
Iraq,"Korea, Rep.",All Products,Import,Partner share(%)-Top 5 Import Partner,,      7.84,,,,,,,,,,,,,,,,,,,,,,,,,,
Iraq,Syrian Arab Republic,All Products,Export,Partner share(%)-Top 5 Export Partner,,      0.04,,,,,,,,,,,,,,,,,,,,,,,,,,
Iraq,Turkey,All Products,Export,Partner share(%)-Top 5 Export Partner,,      0.02,,,,,,,,,,,,,,,,,,,,,,,,,,
Iraq,United Arab Emirates,All Products,Export,Partner share(%)-Top 5 Export Partner,,      0.15,,,,,,,,,,,,,,,,,,,,,,,,,,
Iraq,United Arab Emirates,All Products,Import,Partner share(%)-Top 5 Import Partner,,     14.93,,,,,,,,,,,,,,,,,,,,,,,,,,
Iraq,United States,All Products,Import,Partner share(%)-Top 5 Import Partner,,      6.56,,,,,,,,,,,,,,,,,,,,,,,,,,
Iraq,Unspecified,All Products,Export,Partner share(%)-Top 5 Export Partner,,     99.76,,,,,,,,,,,,,,,,,,,,,,,,,,
Iraq,Unspecified,All Products,Import,Partner share(%)-Top 5 Import Partner,,     14.10,,,,,,,,,,,,,,,,,,,,,,,,,,
Iraq,World,All Products,Trade Indicator,Country Growth (%),,     -1.74,,,,,,,,,,,,,,,,,,,,,,,,,,
Iraq,World,All Products,Tariff,Duty Free Tariff Lines Share (%),,,,,,,,,,,,,,,,,,,,,,,,,,,,
Iraq,World,Animal,Export,Export Product share(%),,      0.00,,,,,,,,,,,,,,,,,,,,,,,,,,
Iraq,World,Capital goods,Export,Export Product share(%),,      0.00,,,,,,,,,,,,,,,,,,,,,,,,,,
Iraq,World,Chemicals,Export,Export Product share(%),,      0.08,,,,,,,,,,,,,,,,,,,,,,,,,,
Iraq,World,Consumer goods,Export,Export Product share(%),,      0.36,,,,,,,,,,,,,,,,,,,,,,,,,,
Iraq,World,Food Products,Export,Export Product share(%),,      0.00,,,,,,,,,,,,,,,,,,,,,,,,,,
Iraq,World,Footwear,Export,Export Product share(%),,,,,,,,,,,,,,,,,,,,,,,,,,,,
Iraq,World,Fuels,Export,Export Product share(%),,     99.89,,,,,,,,,,,,,,,,,,,,,,,,,,
Iraq,World,Hides and Skins,Export,Export Product share(%),,      0.02,,,,,,,,,,,,,,,,,,,,,,,,,,
Iraq,World,Intermediate goods,Export,Export Product share(%),,      0.06,,,,,,,,,,,,,,,,,,,,,,,,,,
Iraq,World,Mach and Elec,Export,Export Product share(%),,      0.00,,,,,,,,,,,,,,,,,,,,,,,,,,
Iraq,World,Metals,Export,Export Product share(%),,,,,,,,,,,,,,,,,,,,,,,,,,,,
Iraq,World,Minerals,Export,Export Product share(%),,,,,,,,,,,,,,,,,,,,,,,,,,,,
Iraq,World,Miscellaneous,Export,Export Product share(%),,      0.00,,,,,,,,,,,,,,,,,,,,,,,,,,
Iraq,World,Plastic or Rubber,Export,Export Product share(%),,      0.00,,,,,,,,,,,,,,,,,,,,,,,,,,
Iraq,World,Raw materials,Export,Export Product share(%),,     99.58,,,,,,,,,,,,,,,,,,,,,,,,,,
Iraq,World,Stone and Glass,Export,Export Product share(%),,,,,,,,,,,,,,,,,,,,,,,,,,,,
Iraq,World,Textiles and Clothing,Export,Export Product share(%),,      0.00,,,,,,,,,,,,,,,,,,,,,,,,,,
Iraq,World,Transportation,Export,Export Product share(%),,,,,,,,,,,,,,,,,,,,,,,,,,,,
Iraq,World,Vegetable,Export,Export Product share(%),,      0.01,,,,,,,,,,,,,,,,,,,,,,,,,,
Iraq,World,Wood,Export,Export Product share(%),,,,,,,,,,,,,,,,,,,,,,,,,,,,
Iraq,World,Capital goods,Import,Import Product share(%),,     19.00,,,,,,,,,,,,,,,,,,,,,,,,,,
Iraq,World,Consumer goods,Import,Import Product share(%),,     43.82,,,,,,,,,,,,,,,,,,,,,,,,,,
Iraq,World,Intermediate goods,Import,Import Product share(%),,     31.61,,,,,,,,,,,,,,,,,,,,,,,,,,
Iraq,World,Raw materials,Import,Import Product share(%),,      5.48,,,,,,,,,,,,,,,,,,,,,,,,,,
Iraq,World,All Products,Tariff,Maximum Rate (%),,,,,,,,,,,,,,,,,,,,,,,,,,,,
Iraq,World,All Products,Tariff,Simple Average (%),,,,,,,,,,,,,,,,,,,,,,,,,,,,
Iraq,World,All Products,Tariff,Weighted Average (%),,,,,,,,,,,,,,,,,,,,,,,,,,,,
Iraq,World,Capital goods,Tariff,Weighted Average (%),,,,,,,,,,,,,,,,,,,,,,,,,,,,
Iraq,World,Consumer goods,Tariff,Weighted Average (%),,,,,,,,,,,,,,,,,,,,,,,,,,,,
Iraq,World,Intermediate goods,Tariff,Weighted Average (%),,,,,,,,,,,,,,,,,,,,,,,,,,,,
Iraq,World,Raw materials,Tariff,Weighted Average (%),,,,,,,,,,,,,,,,,,,,,,,,,,,,
Iraq,World,All Products,Trade Indicator,World Growth (%),,      0.13,,,,,,,,,,,,,,,,,,,,,,,,,,
