Reporter,Partner,Product categories,Indicator Type,Indicator,2015,2014,2013,2012,2011,2010,2009,2008,2007,2006,2005,2004,2003,2002,2001,2000,1999,1998,1997,1996,1995,1994,1993,1992,1991,1990,1989,1988
Sierra Leone,...,...,Development,GDP (current US$ Mil),           4214.78,           5015.16,           4920.34,           3801.86,           2942.55,           2616.61,           2489.99,           2505.46,           2158.50,           1885.11,           1627.85,           1431.21,           1371.44,           1239.00,           1079.48,            635.87,            669.38,            672.38,            850.22,            941.74,            870.76,            911.92,            768.81,            680.00,            779.98,            649.64,            932.97,           1055.08
Sierra Leone,...,...,Export,No. Of Export partners,             45.00,             54.00,,,,,,,,,,,,             19.00,,             18.00,,,,,,,,,,,,
Sierra Leone,...,...,Export,No. Of Export products,            139.00,            711.00,,,,,,,,,,,,             97.00,,             57.00,,,,,,,,,,,,
Sierra Leone,...,...,Import,No. Of Import partners,             82.00,             84.00,,,,,,,,,,,,            101.00,,             42.00,,,,,,,,,,,,
Sierra Leone,...,...,Import,No. Of Import products,           1500.00,           1722.00,,,,,,,,,,,,           2188.00,,           1356.00,,,,,,,,,,,,
Sierra Leone,...,...,Tariff,No. Of Tariff Agreement,,,,,,,,,,,,,,,,,,,,,,,,,,,,
Sierra Leone,...,...,Development,Trade Balance (current US$ Mil),          -1183.41,          -1086.57,          -1485.91,          -1044.12,          -1417.82,           -455.99,           -354.27,           -305.04,           -196.17,           -154.24,           -193.55,           -183.19,           -250.32,           -266.80,           -215.31,           -135.19,            -40.79,            -48.48,            -15.97,           -138.48,            -68.38,             35.23,            -33.02,             -8.91,             17.59,              4.48,             58.28,            151.23
Sierra Leone,Belgium,All Products,Export,Trade (US$ Mil)-Top 5 Export Partner,             52.28,,,,,,,,,,,,,,,,,,,,,,,,,,,
Sierra Leone,Belgium,All Products,Import,Trade (US$ Mil)-Top 5 Import Partner,,            291.82,,,,,,,,,,,,,,             12.78,,,,,,,,,,,,
Sierra Leone,Benin,All Products,Export,Trade (US$ Mil)-Top 5 Export Partner,              4.83,,,,,,,,,,,,,,,,,,,,,,,,,,,
Sierra Leone,Benin,All Products,Import,Trade (US$ Mil)-Top 5 Import Partner,,            733.14,,,,,,,,,,,,,,,,,,,,,,,,,,
Sierra Leone,Canada,All Products,Import,Trade (US$ Mil)-Top 5 Import Partner,,,,,,,,,,,,,,             23.02,,,,,,,,,,,,,,
Sierra Leone,China,All Products,Export,Trade (US$ Mil)-Top 5 Export Partner,,            241.28,,,,,,,,,,,,,,,,,,,,,,,,,,
Sierra Leone,China,All Products,Import,Trade (US$ Mil)-Top 5 Import Partner,            203.13,            169.21,,,,,,,,,,,,,,,,,,,,,,,,,,
Sierra Leone,Cote d'Ivoire,All Products,Export,Trade (US$ Mil)-Top 5 Export Partner,,              4.32,,,,,,,,,,,,,,,,,,,,,,,,,,
Sierra Leone,Cote d'Ivoire,All Products,Import,Trade (US$ Mil)-Top 5 Import Partner,,,,,,,,,,,,,,            129.13,,             29.66,,,,,,,,,,,,
Sierra Leone,Ecuador,All Products,Export,Trade (US$ Mil)-Top 5 Export Partner,,,,,,,,,,,,,,              0.07,,,,,,,,,,,,,,
Sierra Leone,Germany,All Products,Export,Trade (US$ Mil)-Top 5 Export Partner,,,,,,,,,,,,,,,,              0.23,,,,,,,,,,,,
Sierra Leone,Guinea,All Products,Export,Trade (US$ Mil)-Top 5 Export Partner,              5.31,              8.32,,,,,,,,,,,,,,              1.74,,,,,,,,,,,,
Sierra Leone,Japan,All Products,Import,Trade (US$ Mil)-Top 5 Import Partner,,,,,,,,,,,,,,             14.89,,,,,,,,,,,,,,
Sierra Leone,Lebanon,All Products,Export,Trade (US$ Mil)-Top 5 Export Partner,,,,,,,,,,,,,,,,              0.38,,,,,,,,,,,,
Sierra Leone,Lebanon,All Products,Import,Trade (US$ Mil)-Top 5 Import Partner,             81.48,,,,,,,,,,,,,,,,,,,,,,,,,,,
Sierra Leone,Netherlands,All Products,Export,Trade (US$ Mil)-Top 5 Export Partner,             15.80,              7.94,,,,,,,,,,,,,,,,,,,,,,,,,,
Sierra Leone,Netherlands,All Products,Import,Trade (US$ Mil)-Top 5 Import Partner,,,,,,,,,,,,,,             19.42,,             12.50,,,,,,,,,,,,
Sierra Leone,Nigeria,All Products,Export,Trade (US$ Mil)-Top 5 Export Partner,,              4.10,,,,,,,,,,,,,,,,,,,,,,,,,,
Sierra Leone,Russian Federation,All Products,Export,Trade (US$ Mil)-Top 5 Export Partner,,,,,,,,,,,,,,              0.08,,,,,,,,,,,,,,
Sierra Leone,Saudi Arabia,All Products,Export,Trade (US$ Mil)-Top 5 Export Partner,,,,,,,,,,,,,,              0.17,,,,,,,,,,,,,,
Sierra Leone,Senegal,All Products,Import,Trade (US$ Mil)-Top 5 Import Partner,            402.87,,,,,,,,,,,,,,,,,,,,,,,,,,,
Sierra Leone,Special Categories,All Products,Export,Trade (US$ Mil)-Top 5 Export Partner,,,,,,,,,,,,,,             40.35,,,,,,,,,,,,,,
Sierra Leone,Switzerland,All Products,Export,Trade (US$ Mil)-Top 5 Export Partner,              2.31,,,,,,,,,,,,,,,,,,,,,,,,,,,
Sierra Leone,United Arab Emirates,All Products,Import,Trade (US$ Mil)-Top 5 Import Partner,            220.30,            162.00,,,,,,,,,,,,,,,,,,,,,,,,,,
Sierra Leone,United Kingdom,All Products,Export,Trade (US$ Mil)-Top 5 Export Partner,,,,,,,,,,,,,,,,              0.64,,,,,,,,,,,,
Sierra Leone,United Kingdom,All Products,Import,Trade (US$ Mil)-Top 5 Import Partner,            259.80,            131.44,,,,,,,,,,,,,,             17.39,,,,,,,,,,,,
Sierra Leone,United States,All Products,Export,Trade (US$ Mil)-Top 5 Export Partner,,,,,,,,,,,,,,              0.43,,,,,,,,,,,,,,
Sierra Leone,United States,All Products,Import,Trade (US$ Mil)-Top 5 Import Partner,,,,,,,,,,,,,,             17.35,,             13.19,,,,,,,,,,,,
Sierra Leone,Unspecified,All Products,Export,Trade (US$ Mil)-Top 5 Export Partner,,,,,,,,,,,,,,,,              9.22,,,,,,,,,,,,
Sierra Leone,World,All Products,Tariff,Duty Free Imports (US$ Thousand),,,,,,,,,,,,,,,,,,,,,,,,,,,,
Sierra Leone,World,Animal,Export,Export(US$ Mil),              1.91,              1.38,,,,,,,,,,,,              0.02,,              0.03,,,,,,,,,,,,
Sierra Leone,World,Capital goods,Export,Export(US$ Mil),              2.89,             12.22,,,,,,,,,,,,              0.85,,              0.10,,,,,,,,,,,,
Sierra Leone,World,Chemicals,Export,Export(US$ Mil),              2.10,              0.08,,,,,,,,,,,,              0.02,,              0.04,,,,,,,,,,,,
Sierra Leone,World,Consumer goods,Export,Export(US$ Mil),             19.77,             17.11,,,,,,,,,,,,             38.02,,              1.81,,,,,,,,,,,,
Sierra Leone,World,Food Products,Export,Export(US$ Mil),             64.18,              9.46,,,,,,,,,,,,              1.54,,              0.73,,,,,,,,,,,,
Sierra Leone,World,Footwear,Export,Export(US$ Mil),              0.17,              0.00,,,,,,,,,,,,              0.01,,,,,,,,,,,,,,
Sierra Leone,World,Fuels,Export,Export(US$ Mil),              0.20,              0.04,,,,,,,,,,,,,,,,,,,,,,,,,,
Sierra Leone,World,Hides and Skins,Export,Export(US$ Mil),              0.03,              0.00,,,,,,,,,,,,,,,,,,,,,,,,,,
Sierra Leone,World,Intermediate goods,Export,Export(US$ Mil),              5.16,              5.55,,,,,,,,,,,,              0.64,,              0.31,,,,,,,,,,,,
Sierra Leone,World,Mach and Elec,Export,Export(US$ Mil),              2.57,              7.56,,,,,,,,,,,,              1.39,,              0.45,,,,,,,,,,,,
Sierra Leone,World,Metals,Export,Export(US$ Mil),              2.21,              5.00,,,,,,,,,,,,              0.16,,              0.23,,,,,,,,,,,,
Sierra Leone,World,Minerals,Export,Export(US$ Mil),              0.66,            237.28,,,,,,,,,,,,              0.00,,              0.00,,,,,,,,,,,,
Sierra Leone,World,Miscellaneous,Export,Export(US$ Mil),              1.73,              0.11,,,,,,,,,,,,              0.03,,              9.22,,,,,,,,,,,,
Sierra Leone,World,Plastic or Rubber,Export,Export(US$ Mil),              7.89,              8.14,,,,,,,,,,,,              1.16,,              0.44,,,,,,,,,,,,
Sierra Leone,World,Raw materials,Export,Export(US$ Mil),             65.31,            244.33,,,,,,,,,,,,              1.89,,              1.60,,,,,,,,,,,,
Sierra Leone,World,Stone and Glass,Export,Export(US$ Mil),              1.45,              0.02,,,,,,,,,,,,              0.03,,              0.00,,,,,,,,,,,,
Sierra Leone,World,Textiles and Clothing,Export,Export(US$ Mil),              0.06,              0.08,,,,,,,,,,,,              0.12,,              0.05,,,,,,,,,,,,
Sierra Leone,World,Transportation,Export,Export(US$ Mil),              2.54,              9.60,,,,,,,,,,,,              0.27,,              0.29,,,,,,,,,,,,
Sierra Leone,World,Vegetable,Export,Export(US$ Mil),              4.89,              0.46,,,,,,,,,,,,             36.43,,              1.55,,,,,,,,,,,,
Sierra Leone,World,Wood,Export,Export(US$ Mil),              0.69,              0.05,,,,,,,,,,,,              0.24,,              0.00,,,,,,,,,,,,
Sierra Leone,World,All Products,Export,Exports (in US$ Mil),             93.26,            279.25,,,,,,,,,,,,             41.42,,             13.03,,,,,,,,,,,,
Sierra Leone,World,Capital goods,Import,Import(US$ Mil),            270.00,            373.08,,,,,,,,,,,,             26.49,,             11.56,,,,,,,,,,,,
Sierra Leone,World,Consumer goods,Import,Import(US$ Mil),           1205.73,           1520.36,,,,,,,,,,,,            253.89,,            101.30,,,,,,,,,,,,
Sierra Leone,World,Intermediate goods,Import,Import(US$ Mil),            116.97,            119.68,,,,,,,,,,,,             43.95,,             26.14,,,,,,,,,,,,
Sierra Leone,World,Raw materials,Import,Import(US$ Mil),            152.72,             28.26,,,,,,,,,,,,             24.38,,             11.05,,,,,,,,,,,,
Sierra Leone,World,All Products,Import,Imports (in US$ Mil),           1759.41,           2056.85,,,,,,,,,,,,            351.96,,            151.69,,,,,,,,,,,,
Sierra Leone,...,...,Development,"GNI per capita, Atlas method (current US$)",    620.00,    770.00,    730.00,    590.00,    470.00,    470.00,    490.00,    470.00,    400.00,    340.00,    320.00,    310.00,    300.00,    230.00,    170.00,    160.00,    170.00,    190.00,    220.00,    230.00,    200.00,    180.00,    180.00,    150.00,    190.00,    200.00,    230.00,    190.00
Sierra Leone,...,...,Trade Indicator,HH Market concentration index,      0.15,      0.57,,,,,,,,,,,,      0.18,,      0.28,,,,,,,,,,,,
Sierra Leone,...,...,Trade Indicator,Index of export market penetration,      1.88,      1.91,,,,,,,,,,,,      1.60,,      1.47,,,,,,,,,,,,
Sierra Leone,...,...,Development,Trade (% of GDP),     66.80,     83.19,     87.45,     93.27,     80.72,     50.52,     40.84,     39.21,     40.30,     41.91,     47.52,     46.14,     46.39,     38.83,     35.79,     57.53,     33.75,     35.33,     28.28,     49.60,     45.03,     55.16,     52.86,     64.49,     60.24,     68.69,     41.59,     43.12
Sierra Leone,...,...,Development,Trade Balance (% of GDP),    -28.08,    -21.67,    -30.20,    -27.46,    -48.18,    -17.43,    -14.23,    -12.18,     -9.09,     -8.18,    -11.89,    -12.80,    -18.25,    -21.53,    -19.95,    -21.26,     -6.09,     -7.21,     -1.88,    -14.71,     -7.85,      3.86,     -4.29,     -1.31,      2.25,      0.69,      6.25,     14.33
Sierra Leone,...,...,Development,Trade in services (% of GDP),,     28.16,     18.50,     18.50,     19.86,     11.78,      9.35,      7.18,      6.38,      6.58,     10.41,     10.19,     11.66,      9.61,     15.09,     24.39,     18.41,      8.67,      9.37,     18.11,     20.52,     22.78,     15.62,     16.16,     16.85,     20.86,      8.64,      7.88
Sierra Leone,Belgium,All Products,Export,Partner share(%)-Top 5 Export Partner,     56.06,,,,,,,,,,,,,,,,,,,,,,,,,,,
Sierra Leone,Belgium,All Products,Import,Partner share(%)-Top 5 Import Partner,,     14.19,,,,,,,,,,,,,,      8.43,,,,,,,,,,,,
Sierra Leone,Benin,All Products,Export,Partner share(%)-Top 5 Export Partner,      5.18,,,,,,,,,,,,,,,,,,,,,,,,,,,
Sierra Leone,Benin,All Products,Import,Partner share(%)-Top 5 Import Partner,,     35.64,,,,,,,,,,,,,,,,,,,,,,,,,,
Sierra Leone,Canada,All Products,Import,Partner share(%)-Top 5 Import Partner,,,,,,,,,,,,,,      6.54,,,,,,,,,,,,,,
Sierra Leone,China,All Products,Export,Partner share(%)-Top 5 Export Partner,,     86.40,,,,,,,,,,,,,,,,,,,,,,,,,,
Sierra Leone,China,All Products,Import,Partner share(%)-Top 5 Import Partner,     11.55,      8.23,,,,,,,,,,,,,,,,,,,,,,,,,,
Sierra Leone,Cote d'Ivoire,All Products,Export,Partner share(%)-Top 5 Export Partner,,      1.55,,,,,,,,,,,,,,,,,,,,,,,,,,
Sierra Leone,Cote d'Ivoire,All Products,Import,Partner share(%)-Top 5 Import Partner,,,,,,,,,,,,,,     36.69,,     19.55,,,,,,,,,,,,
Sierra Leone,Ecuador,All Products,Export,Partner share(%)-Top 5 Export Partner,,,,,,,,,,,,,,      0.18,,,,,,,,,,,,,,
Sierra Leone,Germany,All Products,Export,Partner share(%)-Top 5 Export Partner,,,,,,,,,,,,,,,,      1.74,,,,,,,,,,,,
Sierra Leone,Guinea,All Products,Export,Partner share(%)-Top 5 Export Partner,      5.70,      2.98,,,,,,,,,,,,,,     13.34,,,,,,,,,,,,
Sierra Leone,Japan,All Products,Import,Partner share(%)-Top 5 Import Partner,,,,,,,,,,,,,,      4.23,,,,,,,,,,,,,,
Sierra Leone,Lebanon,All Products,Export,Partner share(%)-Top 5 Export Partner,,,,,,,,,,,,,,,,      2.92,,,,,,,,,,,,
Sierra Leone,Lebanon,All Products,Import,Partner share(%)-Top 5 Import Partner,      4.63,,,,,,,,,,,,,,,,,,,,,,,,,,,
Sierra Leone,Netherlands,All Products,Export,Partner share(%)-Top 5 Export Partner,     16.94,      2.84,,,,,,,,,,,,,,,,,,,,,,,,,,
Sierra Leone,Netherlands,All Products,Import,Partner share(%)-Top 5 Import Partner,,,,,,,,,,,,,,      5.52,,      8.24,,,,,,,,,,,,
Sierra Leone,Nigeria,All Products,Export,Partner share(%)-Top 5 Export Partner,,      1.47,,,,,,,,,,,,,,,,,,,,,,,,,,
Sierra Leone,Russian Federation,All Products,Export,Partner share(%)-Top 5 Export Partner,,,,,,,,,,,,,,      0.18,,,,,,,,,,,,,,
Sierra Leone,Saudi Arabia,All Products,Export,Partner share(%)-Top 5 Export Partner,,,,,,,,,,,,,,      0.42,,,,,,,,,,,,,,
Sierra Leone,Senegal,All Products,Import,Partner share(%)-Top 5 Import Partner,     22.90,,,,,,,,,,,,,,,,,,,,,,,,,,,
Sierra Leone,Special Categories,All Products,Export,Partner share(%)-Top 5 Export Partner,,,,,,,,,,,,,,     97.42,,,,,,,,,,,,,,
Sierra Leone,Switzerland,All Products,Export,Partner share(%)-Top 5 Export Partner,      2.47,,,,,,,,,,,,,,,,,,,,,,,,,,,
Sierra Leone,United Arab Emirates,All Products,Import,Partner share(%)-Top 5 Import Partner,     12.52,      7.88,,,,,,,,,,,,,,,,,,,,,,,,,,
Sierra Leone,United Kingdom,All Products,Export,Partner share(%)-Top 5 Export Partner,,,,,,,,,,,,,,,,      4.93,,,,,,,,,,,,
Sierra Leone,United Kingdom,All Products,Import,Partner share(%)-Top 5 Import Partner,     14.77,      6.39,,,,,,,,,,,,,,     11.47,,,,,,,,,,,,
Sierra Leone,United States,All Products,Export,Partner share(%)-Top 5 Export Partner,,,,,,,,,,,,,,      1.03,,,,,,,,,,,,,,
Sierra Leone,United States,All Products,Import,Partner share(%)-Top 5 Import Partner,,,,,,,,,,,,,,      4.93,,      8.69,,,,,,,,,,,,
Sierra Leone,Unspecified,All Products,Export,Partner share(%)-Top 5 Export Partner,,,,,,,,,,,,,,,,     70.73,,,,,,,,,,,,
Sierra Leone,World,All Products,Trade Indicator,Country Growth (%),    -47.69,      7.86,,,,,,,,,,,,     31.36,,     33.12,,,,,,,,,,,,
Sierra Leone,World,All Products,Tariff,Duty Free Tariff Lines Share (%),,,,,,,,,,,,,,,,,,,,,,,,,,,,
Sierra Leone,World,Animal,Export,Export Product share(%),      2.05,      0.49,,,,,,,,,,,,      0.04,,      0.21,,,,,,,,,,,,
Sierra Leone,World,Capital goods,Export,Export Product share(%),      3.10,      4.38,,,,,,,,,,,,      2.06,,      0.74,,,,,,,,,,,,
Sierra Leone,World,Chemicals,Export,Export Product share(%),      2.25,      0.03,,,,,,,,,,,,      0.06,,      0.30,,,,,,,,,,,,
Sierra Leone,World,Consumer goods,Export,Export Product share(%),     21.20,      6.13,,,,,,,,,,,,     91.79,,     13.90,,,,,,,,,,,,
Sierra Leone,World,Food Products,Export,Export Product share(%),     68.82,      3.39,,,,,,,,,,,,      3.72,,      5.62,,,,,,,,,,,,
Sierra Leone,World,Footwear,Export,Export Product share(%),      0.18,      0.00,,,,,,,,,,,,      0.01,,,,,,,,,,,,,,
Sierra Leone,World,Fuels,Export,Export Product share(%),      0.22,      0.01,,,,,,,,,,,,,,,,,,,,,,,,,,
Sierra Leone,World,Hides and Skins,Export,Export Product share(%),      0.03,      0.00,,,,,,,,,,,,,,,,,,,,,,,,,,
Sierra Leone,World,Intermediate goods,Export,Export Product share(%),      5.53,      1.99,,,,,,,,,,,,      1.55,,      2.34,,,,,,,,,,,,
Sierra Leone,World,Mach and Elec,Export,Export Product share(%),      2.75,      2.71,,,,,,,,,,,,      3.37,,      3.47,,,,,,,,,,,,
Sierra Leone,World,Metals,Export,Export Product share(%),      2.37,      1.79,,,,,,,,,,,,      0.39,,      1.78,,,,,,,,,,,,
Sierra Leone,World,Minerals,Export,Export Product share(%),      0.71,     84.97,,,,,,,,,,,,      0.01,,      0.01,,,,,,,,,,,,
Sierra Leone,World,Miscellaneous,Export,Export Product share(%),      1.86,      0.04,,,,,,,,,,,,      0.06,,     70.73,,,,,,,,,,,,
Sierra Leone,World,Plastic or Rubber,Export,Export Product share(%),      8.46,      2.92,,,,,,,,,,,,      2.81,,      3.36,,,,,,,,,,,,
Sierra Leone,World,Raw materials,Export,Export Product share(%),     70.04,     87.49,,,,,,,,,,,,      4.57,,     12.29,,,,,,,,,,,,
Sierra Leone,World,Stone and Glass,Export,Export Product share(%),      1.56,      0.01,,,,,,,,,,,,      0.06,,      0.00,,,,,,,,,,,,
Sierra Leone,World,Textiles and Clothing,Export,Export Product share(%),      0.06,      0.03,,,,,,,,,,,,      0.30,,      0.39,,,,,,,,,,,,
Sierra Leone,World,Transportation,Export,Export Product share(%),      2.72,      3.44,,,,,,,,,,,,      0.65,,      2.20,,,,,,,,,,,,
Sierra Leone,World,Vegetable,Export,Export Product share(%),      5.24,      0.16,,,,,,,,,,,,     87.94,,     11.91,,,,,,,,,,,,
Sierra Leone,World,Wood,Export,Export Product share(%),      0.74,      0.02,,,,,,,,,,,,      0.57,,      0.02,,,,,,,,,,,,
Sierra Leone,World,Capital goods,Import,Import Product share(%),     15.35,     18.14,,,,,,,,,,,,      7.53,,      7.62,,,,,,,,,,,,
Sierra Leone,World,Consumer goods,Import,Import Product share(%),     68.53,     73.92,,,,,,,,,,,,     72.14,,     66.78,,,,,,,,,,,,
Sierra Leone,World,Intermediate goods,Import,Import Product share(%),      6.65,      5.82,,,,,,,,,,,,     12.49,,     17.23,,,,,,,,,,,,
Sierra Leone,World,Raw materials,Import,Import Product share(%),      8.68,      1.37,,,,,,,,,,,,      6.93,,      7.28,,,,,,,,,,,,
Sierra Leone,World,All Products,Tariff,Maximum Rate (%),,,,,,,,,,,,,,,,,,,,,,,,,,,,
Sierra Leone,World,All Products,Tariff,Simple Average (%),,,,,,,,,,,,,,,,,,,,,,,,,,,,
Sierra Leone,World,All Products,Tariff,Weighted Average (%),,,,,,,,,,,,,,,,,,,,,,,,,,,,
Sierra Leone,World,Capital goods,Tariff,Weighted Average (%),,,,,,,,,,,,,,,,,,,,,,,,,,,,
Sierra Leone,World,Consumer goods,Tariff,Weighted Average (%),,,,,,,,,,,,,,,,,,,,,,,,,,,,
Sierra Leone,World,Intermediate goods,Tariff,Weighted Average (%),,,,,,,,,,,,,,,,,,,,,,,,,,,,
Sierra Leone,World,Raw materials,Tariff,Weighted Average (%),,,,,,,,,,,,,,,,,,,,,,,,,,,,
Sierra Leone,World,All Products,Trade Indicator,World Growth (%),     -7.87,      0.13,,,,,,,,,,,,      2.06,,      7.43,,,,,,,,,,,,
