Reporter,Partner,Product categories,Indicator Type,Indicator,2015,2014,2013,2012,2011,2010,2009,2008,2007,2006,2005,2004,2003,2002,2001,2000,1999,1998,1997,1996,1995,1994,1993,1992,1991,1990,1989,1988
Tajikistan,...,...,Development,GDP (current US$ Mil),           7853.45,           9236.31,           8506.67,           7633.05,           6522.73,           5642.18,           4979.48,           5161.34,           3719.50,           2830.24,           2312.32,           2076.15,           1554.13,           1221.11,           1080.77,            860.55,           1086.57,           1320.13,            921.84,           1043.89,           1231.52,           1346.07,           1646.69,           1909.25,           2534.72,           2629.40,,
Tajikistan,...,...,Export,No. Of Export partners,,,,,,,,,,,,,,,,             36.00,,,,,,,,,,,,
Tajikistan,...,...,Export,No. Of Export products,,,,,,,,,,,,,,,,,,,,,,,,,,,,
Tajikistan,...,...,Import,No. Of Import partners,,,,,,,,,,,,,,,,             44.00,,,,,,,,,,,,
Tajikistan,...,...,Import,No. Of Import products,,,,,,,,,,,,,,,,,,,,,,,,,,,,
Tajikistan,...,...,Tariff,No. Of Tariff Agreement,,,,,,,,,,,,,,,,,,,,,,,,,,,,
Tajikistan,...,...,Development,Trade Balance (current US$ Mil),          -2496.04,          -3305.99,          -4181.38,          -3629.13,          -3217.06,          -2102.61,          -1958.07,          -2839.11,          -1787.87,           -961.39,           -619.69,           -240.75,           -157.21,           -129.82,           -112.08,            -18.51,            -15.56,           -120.06,            -61.38,            -36.10,            -78.20,           -155.90,           -215.50,            -54.89,             24.37,           -191.16,,
Tajikistan,Azerbaijan,All Products,Import,Trade (US$ Mil)-Top 5 Import Partner,,,,,,,,,,,,,,,,             63.11,,,,,,,,,,,,
Tajikistan,Italy,All Products,Export,Trade (US$ Mil)-Top 5 Export Partner,,,,,,,,,,,,,,,,             19.54,,,,,,,,,,,,
Tajikistan,Kazakhstan,All Products,Import,Trade (US$ Mil)-Top 5 Import Partner,,,,,,,,,,,,,,,,             82.39,,,,,,,,,,,,
Tajikistan,Netherlands,All Products,Export,Trade (US$ Mil)-Top 5 Export Partner,,,,,,,,,,,,,,,,            178.21,,,,,,,,,,,,
Tajikistan,Russian Federation,All Products,Export,Trade (US$ Mil)-Top 5 Export Partner,,,,,,,,,,,,,,,,            258.77,,,,,,,,,,,,
Tajikistan,Russian Federation,All Products,Import,Trade (US$ Mil)-Top 5 Import Partner,,,,,,,,,,,,,,,,            104.06,,,,,,,,,,,,
Tajikistan,Switzerland,All Products,Export,Trade (US$ Mil)-Top 5 Export Partner,,,,,,,,,,,,,,,,             72.24,,,,,,,,,,,,
Tajikistan,Ukraine,All Products,Import,Trade (US$ Mil)-Top 5 Import Partner,,,,,,,,,,,,,,,,             84.33,,,,,,,,,,,,
Tajikistan,Uzbekistan,All Products,Export,Trade (US$ Mil)-Top 5 Export Partner,,,,,,,,,,,,,,,,             97.76,,,,,,,,,,,,
Tajikistan,Uzbekistan,All Products,Import,Trade (US$ Mil)-Top 5 Import Partner,,,,,,,,,,,,,,,,            185.20,,,,,,,,,,,,
Tajikistan,World,All Products,Tariff,Duty Free Imports (US$ Thousand),,,,,,,,,,,,,,,,,,,,,,,,,,,,
Tajikistan,World,Animal,Export,Export(US$ Mil),,,,,,,,,,,,,,,,              0.02,,,,,,,,,,,,
Tajikistan,World,Chemicals,Export,Export(US$ Mil),,,,,,,,,,,,,,,,              9.46,,,,,,,,,,,,
Tajikistan,World,Food Products,Export,Export(US$ Mil),,,,,,,,,,,,,,,,             11.57,,,,,,,,,,,,
Tajikistan,World,Footwear,Export,Export(US$ Mil),,,,,,,,,,,,,,,,              0.04,,,,,,,,,,,,
Tajikistan,World,Fuels,Export,Export(US$ Mil),,,,,,,,,,,,,,,,             92.13,,,,,,,,,,,,
Tajikistan,World,Hides and Skins,Export,Export(US$ Mil),,,,,,,,,,,,,,,,              0.10,,,,,,,,,,,,
Tajikistan,World,Mach and Elec,Export,Export(US$ Mil),,,,,,,,,,,,,,,,             13.10,,,,,,,,,,,,
Tajikistan,World,Metals,Export,Export(US$ Mil),,,,,,,,,,,,,,,,            372.88,,,,,,,,,,,,
Tajikistan,World,Minerals,Export,Export(US$ Mil),,,,,,,,,,,,,,,,              1.19,,,,,,,,,,,,
Tajikistan,World,Miscellaneous,Export,Export(US$ Mil),,,,,,,,,,,,,,,,              0.76,,,,,,,,,,,,
Tajikistan,World,Plastic or Rubber,Export,Export(US$ Mil),,,,,,,,,,,,,,,,              0.05,,,,,,,,,,,,
Tajikistan,World,Stone and Glass,Export,Export(US$ Mil),,,,,,,,,,,,,,,,             24.43,,,,,,,,,,,,
Tajikistan,World,Textiles and Clothing,Export,Export(US$ Mil),,,,,,,,,,,,,,,,            107.27,,,,,,,,,,,,
Tajikistan,World,Transportation,Export,Export(US$ Mil),,,,,,,,,,,,,,,,             41.22,,,,,,,,,,,,
Tajikistan,World,Vegetable,Export,Export(US$ Mil),,,,,,,,,,,,,,,,             18.07,,,,,,,,,,,,
Tajikistan,World,Wood,Export,Export(US$ Mil),,,,,,,,,,,,,,,,              0.06,,,,,,,,,,,,
Tajikistan,World,All Products,Export,Exports (in US$ Mil),,,,,,,,,,,,,,,,            692.35,,,,,,,,,,,,
Tajikistan,World,All Products,Import,Imports (in US$ Mil),,,,,,,,,,,,,,,,            643.97,,,,,,,,,,,,
Tajikistan,...,...,Development,"GNI per capita, Atlas method (current US$)",   1280.00,   1370.00,   1320.00,   1150.00,   1020.00,    920.00,    660.00,    570.00,    440.00,    370.00,    320.00,    270.00,    210.00,    170.00,    160.00,    170.00,    180.00,    180.00,    170.00,    170.00,    200.00,    230.00,    290.00,    340.00,,,,
Tajikistan,...,...,Trade Indicator,HH Market concentration index,,,,,,,,,,,,,,,,      0.31,,,,,,,,,,,,
Tajikistan,...,...,Trade Indicator,Index of export market penetration,,,,,,,,,,,,,,,,      1.46,,,,,,,,,,,,
Tajikistan,...,...,Development,Trade (% of GDP),     52.79,     53.90,     87.51,     90.62,     85.02,     67.95,     69.61,     88.52,     89.31,     80.34,     78.80,    128.22,    136.86,    141.55,    146.35,    199.68,    133.58,    106.92,    181.13,    156.63,    137.52,     97.65,     70.20,     22.23,     65.46,     62.96,     84.78,     81.40
Tajikistan,...,...,Development,Trade Balance (% of GDP),    -31.78,    -35.79,    -49.15,    -47.54,    -49.32,    -37.27,    -39.32,    -55.01,    -48.07,    -33.97,    -26.80,    -11.60,    -10.12,    -10.63,    -10.37,     -2.15,     -1.43,     -9.09,     -6.66,     -3.46,     -6.35,    -11.58,    -13.09,     -2.87,      0.96,     -7.27,    -12.90,    -11.05
Tajikistan,...,...,Development,Trade in services (% of GDP),      9.50,     10.01,     14.39,     18.05,     17.32,     16.18,      9.46,     12.34,     19.92,     18.68,     17.21,     16.16,     13.52,     14.24,,,,,,,,,,,,,,
Tajikistan,Azerbaijan,All Products,Import,Partner share(%)-Top 5 Import Partner,,,,,,,,,,,,,,,,      9.80,,,,,,,,,,,,
Tajikistan,Italy,All Products,Export,Partner share(%)-Top 5 Export Partner,,,,,,,,,,,,,,,,      2.82,,,,,,,,,,,,
Tajikistan,Kazakhstan,All Products,Import,Partner share(%)-Top 5 Import Partner,,,,,,,,,,,,,,,,     12.79,,,,,,,,,,,,
Tajikistan,Netherlands,All Products,Export,Partner share(%)-Top 5 Export Partner,,,,,,,,,,,,,,,,     25.74,,,,,,,,,,,,
Tajikistan,Russian Federation,All Products,Export,Partner share(%)-Top 5 Export Partner,,,,,,,,,,,,,,,,     37.38,,,,,,,,,,,,
Tajikistan,Russian Federation,All Products,Import,Partner share(%)-Top 5 Import Partner,,,,,,,,,,,,,,,,     16.16,,,,,,,,,,,,
Tajikistan,Switzerland,All Products,Export,Partner share(%)-Top 5 Export Partner,,,,,,,,,,,,,,,,     10.43,,,,,,,,,,,,
Tajikistan,Ukraine,All Products,Import,Partner share(%)-Top 5 Import Partner,,,,,,,,,,,,,,,,     13.10,,,,,,,,,,,,
Tajikistan,Uzbekistan,All Products,Export,Partner share(%)-Top 5 Export Partner,,,,,,,,,,,,,,,,     14.12,,,,,,,,,,,,
Tajikistan,Uzbekistan,All Products,Import,Partner share(%)-Top 5 Import Partner,,,,,,,,,,,,,,,,     28.76,,,,,,,,,,,,
Tajikistan,World,All Products,Trade Indicator,Country Growth (%),,,,,,,,,,,,,,,,     23.35,,,,,,,,,,,,
Tajikistan,World,All Products,Tariff,Duty Free Tariff Lines Share (%),,,,,,,,,,,,,,,,,,,,,,,,,,,,
Tajikistan,World,Animal,Export,Export Product share(%),,,,,,,,,,,,,,,,      0.00,,,,,,,,,,,,
Tajikistan,World,Chemicals,Export,Export Product share(%),,,,,,,,,,,,,,,,      1.37,,,,,,,,,,,,
Tajikistan,World,Food Products,Export,Export Product share(%),,,,,,,,,,,,,,,,      1.67,,,,,,,,,,,,
Tajikistan,World,Footwear,Export,Export Product share(%),,,,,,,,,,,,,,,,      0.01,,,,,,,,,,,,
Tajikistan,World,Fuels,Export,Export Product share(%),,,,,,,,,,,,,,,,     13.31,,,,,,,,,,,,
Tajikistan,World,Hides and Skins,Export,Export Product share(%),,,,,,,,,,,,,,,,      0.01,,,,,,,,,,,,
Tajikistan,World,Mach and Elec,Export,Export Product share(%),,,,,,,,,,,,,,,,      1.89,,,,,,,,,,,,
Tajikistan,World,Metals,Export,Export Product share(%),,,,,,,,,,,,,,,,     53.86,,,,,,,,,,,,
Tajikistan,World,Minerals,Export,Export Product share(%),,,,,,,,,,,,,,,,      0.17,,,,,,,,,,,,
Tajikistan,World,Miscellaneous,Export,Export Product share(%),,,,,,,,,,,,,,,,      0.11,,,,,,,,,,,,
Tajikistan,World,Plastic or Rubber,Export,Export Product share(%),,,,,,,,,,,,,,,,      0.01,,,,,,,,,,,,
Tajikistan,World,Stone and Glass,Export,Export Product share(%),,,,,,,,,,,,,,,,      3.53,,,,,,,,,,,,
Tajikistan,World,Textiles and Clothing,Export,Export Product share(%),,,,,,,,,,,,,,,,     15.49,,,,,,,,,,,,
Tajikistan,World,Transportation,Export,Export Product share(%),,,,,,,,,,,,,,,,      5.95,,,,,,,,,,,,
Tajikistan,World,Vegetable,Export,Export Product share(%),,,,,,,,,,,,,,,,      2.61,,,,,,,,,,,,
Tajikistan,World,Wood,Export,Export Product share(%),,,,,,,,,,,,,,,,      0.01,,,,,,,,,,,,
Tajikistan,World,All Products,Tariff,Maximum Rate (%),,,,,,,,,,,,,,,,,,,,,,,,,,,,
Tajikistan,World,All Products,Tariff,Simple Average (%),,,,,,,,,,,,,,,,,,,,,,,,,,,,
Tajikistan,World,All Products,Tariff,Weighted Average (%),,,,,,,,,,,,,,,,,,,,,,,,,,,,
Tajikistan,World,All Products,Trade Indicator,World Growth (%),,,,,,,,,,,,,,,,      7.43,,,,,,,,,,,,
