Reporter,Partner,Product categories,Indicator Type,Indicator,2015,2014,2013,2012,2011,2010,2009,2008,2007,2006,2005,2004,2003,2002,2001,2000,1999,1998,1997,1996,1995,1994,1993,1992,1991,1990,1989,1988
Wallis and Futura Isl.,...,...,Export,No. Of Export partners,,,,,,,,,,,,,,,,,,,,,,,,,,,,
Wallis and Futura Isl.,...,...,Export,No. Of Export products,,,,,,,,,,,,,,,,,,,,,,,,,,,,
Wallis and Futura Isl.,...,...,Import,No. Of Import partners,,,,,,,,,,             80.00,             76.00,             74.00,             68.00,             70.00,             81.00,             85.00,,,,,,,,,,,,
Wallis and Futura Isl.,...,...,Import,No. Of Import products,,,,,,,,,,           1524.00,           1533.00,           1551.00,           1498.00,           1593.00,           1684.00,           1720.00,,,,,,,,,,,,
Wallis and Futura Isl.,...,...,Tariff,No. Of Tariff Agreement,,,,,,,,,,,,,,,,,,,,,,,,,,,,
Wallis and Futura Isl.,Australia,All Products,Import,Trade (US$ Mil)-Top 5 Import Partner,,,,,,,,,,              6.05,             11.45,             11.84,             10.07,              9.06,              8.06,              8.26,,,,,,,,,,,,
Wallis and Futura Isl.,China,All Products,Import,Trade (US$ Mil)-Top 5 Import Partner,,,,,,,,,,              5.67,,,,,,,,,,,,,,,,,,
Wallis and Futura Isl.,Fiji,All Products,Import,Trade (US$ Mil)-Top 5 Import Partner,,,,,,,,,,,              2.95,              2.67,              2.04,,,,,,,,,,,,,,,
Wallis and Futura Isl.,France,All Products,Import,Trade (US$ Mil)-Top 5 Import Partner,,,,,,,,,,             14.94,             16.22,             17.53,             13.08,             11.93,              9.63,             10.60,,,,,,,,,,,,
Wallis and Futura Isl.,Japan,All Products,Import,Trade (US$ Mil)-Top 5 Import Partner,,,,,,,,,,,,,,              1.65,              1.83,              2.06,,,,,,,,,,,,
Wallis and Futura Isl.,New Caledonia,All Products,Import,Trade (US$ Mil)-Top 5 Import Partner,,,,,,,,,,,              2.87,              3.40,              3.10,              2.90,              2.26,              2.40,,,,,,,,,,,,
Wallis and Futura Isl.,New Zealand,All Products,Import,Trade (US$ Mil)-Top 5 Import Partner,,,,,,,,,,              4.46,              4.32,              5.52,              4.14,              5.00,              4.65,              4.99,,,,,,,,,,,,
Wallis and Futura Isl.,Singapore,All Products,Import,Trade (US$ Mil)-Top 5 Import Partner,,,,,,,,,,              7.41,,,,,,,,,,,,,,,,,,
Wallis and Futura Isl.,World,All Products,Tariff,Duty Free Imports (US$ Thousand),,,,,,,,,,,,,,,,,,,,,,,,,,,,
Wallis and Futura Isl.,World,Animal,Export,Export(US$ Mil),,,,,,,,,,,,,,,,,,,,,,,,,,,,
Wallis and Futura Isl.,World,Capital goods,Export,Export(US$ Mil),,,,,,,,,,,,,,,,,,,,,,,,,,,,
Wallis and Futura Isl.,World,Chemicals,Export,Export(US$ Mil),,,,,,,,,,,,,,,,,,,,,,,,,,,,
Wallis and Futura Isl.,World,Consumer goods,Export,Export(US$ Mil),,,,,,,,,,,,,,,,,,,,,,,,,,,,
Wallis and Futura Isl.,World,Food Products,Export,Export(US$ Mil),,,,,,,,,,,,,,,,,,,,,,,,,,,,
Wallis and Futura Isl.,World,Footwear,Export,Export(US$ Mil),,,,,,,,,,,,,,,,,,,,,,,,,,,,
Wallis and Futura Isl.,World,Fuels,Export,Export(US$ Mil),,,,,,,,,,,,,,,,,,,,,,,,,,,,
Wallis and Futura Isl.,World,Hides and Skins,Export,Export(US$ Mil),,,,,,,,,,,,,,,,,,,,,,,,,,,,
Wallis and Futura Isl.,World,Intermediate goods,Export,Export(US$ Mil),,,,,,,,,,,,,,,,,,,,,,,,,,,,
Wallis and Futura Isl.,World,Mach and Elec,Export,Export(US$ Mil),,,,,,,,,,,,,,,,,,,,,,,,,,,,
Wallis and Futura Isl.,World,Metals,Export,Export(US$ Mil),,,,,,,,,,,,,,,,,,,,,,,,,,,,
Wallis and Futura Isl.,World,Minerals,Export,Export(US$ Mil),,,,,,,,,,,,,,,,,,,,,,,,,,,,
Wallis and Futura Isl.,World,Miscellaneous,Export,Export(US$ Mil),,,,,,,,,,,,,,,,,,,,,,,,,,,,
Wallis and Futura Isl.,World,Plastic or Rubber,Export,Export(US$ Mil),,,,,,,,,,,,,,,,,,,,,,,,,,,,
Wallis and Futura Isl.,World,Raw materials,Export,Export(US$ Mil),,,,,,,,,,,,,,,,,,,,,,,,,,,,
Wallis and Futura Isl.,World,Stone and Glass,Export,Export(US$ Mil),,,,,,,,,,,,,,,,,,,,,,,,,,,,
Wallis and Futura Isl.,World,Textiles and Clothing,Export,Export(US$ Mil),,,,,,,,,,,,,,,,,,,,,,,,,,,,
Wallis and Futura Isl.,World,Transportation,Export,Export(US$ Mil),,,,,,,,,,,,,,,,,,,,,,,,,,,,
Wallis and Futura Isl.,World,Vegetable,Export,Export(US$ Mil),,,,,,,,,,,,,,,,,,,,,,,,,,,,
Wallis and Futura Isl.,World,Wood,Export,Export(US$ Mil),,,,,,,,,,,,,,,,,,,,,,,,,,,,
Wallis and Futura Isl.,World,All Products,Export,Exports (in US$ Mil),,,,,,,,,,,,,,,,,,,,,,,,,,,,
Wallis and Futura Isl.,World,Capital goods,Import,Import(US$ Mil),,,,,,,,,,             12.83,              8.67,              8.54,              6.25,              5.23,              4.62,              6.09,,,,,,,,,,,,
Wallis and Futura Isl.,World,Consumer goods,Import,Import(US$ Mil),,,,,,,,,,             32.40,             30.25,             29.50,             24.70,             22.06,             19.12,             20.53,,,,,,,,,,,,
Wallis and Futura Isl.,World,Intermediate goods,Import,Import(US$ Mil),,,,,,,,,,              6.81,              6.35,              6.44,              5.98,              6.19,              4.76,              5.75,,,,,,,,,,,,
Wallis and Futura Isl.,World,Raw materials,Import,Import(US$ Mil),,,,,,,,,,              3.85,              4.02,              4.11,              3.50,              3.35,              2.86,              3.18,,,,,,,,,,,,
Wallis and Futura Isl.,World,All Products,Import,Imports (in US$ Mil),,,,,,,,,,             57.20,             50.78,             52.61,             41.68,             37.98,             32.59,             36.79,,,,,,,,,,,,
Wallis and Futura Isl.,...,...,Trade Indicator,HH Market concentration index,,,,,,,,,,      0.15,      0.31,      0.14,      0.32,      0.33,      0.24,      0.25,,,,,,,,,,,,
Wallis and Futura Isl.,...,...,Trade Indicator,Index of export market penetration,,,,,,,,,,      1.09,      1.06,      1.03,      1.00,      1.01,      1.11,      1.08,,,,,,,,,,,,
Wallis and Futura Isl.,Australia,All Products,Import,Partner share(%)-Top 5 Import Partner,,,,,,,,,,     10.57,     22.54,     22.50,     24.17,     23.84,     24.74,     22.46,,,,,,,,,,,,
Wallis and Futura Isl.,China,All Products,Import,Partner share(%)-Top 5 Import Partner,,,,,,,,,,      9.91,,,,,,,,,,,,,,,,,,
Wallis and Futura Isl.,Fiji,All Products,Import,Partner share(%)-Top 5 Import Partner,,,,,,,,,,,      5.81,      5.07,      4.90,,,,,,,,,,,,,,,
Wallis and Futura Isl.,France,All Products,Import,Partner share(%)-Top 5 Import Partner,,,,,,,,,,     26.12,     31.95,     33.32,     31.37,     31.40,     29.55,     28.80,,,,,,,,,,,,
Wallis and Futura Isl.,Japan,All Products,Import,Partner share(%)-Top 5 Import Partner,,,,,,,,,,,,,,      4.35,      5.63,      5.61,,,,,,,,,,,,
Wallis and Futura Isl.,New Caledonia,All Products,Import,Partner share(%)-Top 5 Import Partner,,,,,,,,,,,      5.65,      6.47,      7.43,      7.63,      6.94,      6.51,,,,,,,,,,,,
Wallis and Futura Isl.,New Zealand,All Products,Import,Partner share(%)-Top 5 Import Partner,,,,,,,,,,      7.80,      8.50,     10.49,      9.93,     13.15,     14.27,     13.55,,,,,,,,,,,,
Wallis and Futura Isl.,Singapore,All Products,Import,Partner share(%)-Top 5 Import Partner,,,,,,,,,,     12.96,,,,,,,,,,,,,,,,,,
Wallis and Futura Isl.,World,All Products,Trade Indicator,Country Growth (%),,,,,,,,,,      8.84,    -12.43,     16.68,      1.28,    -16.46,      3.73,    133.50,,,,,,,,,,,,
Wallis and Futura Isl.,World,All Products,Tariff,Duty Free Tariff Lines Share (%),,,,,,,,,,,,,,,,,,,,,,,,,,,,
Wallis and Futura Isl.,World,Animal,Export,Export Product share(%),,,,,,,,,,,,,,,,,,,,,,,,,,,,
Wallis and Futura Isl.,World,Capital goods,Export,Export Product share(%),,,,,,,,,,,,,,,,,,,,,,,,,,,,
Wallis and Futura Isl.,World,Chemicals,Export,Export Product share(%),,,,,,,,,,,,,,,,,,,,,,,,,,,,
Wallis and Futura Isl.,World,Consumer goods,Export,Export Product share(%),,,,,,,,,,,,,,,,,,,,,,,,,,,,
Wallis and Futura Isl.,World,Food Products,Export,Export Product share(%),,,,,,,,,,,,,,,,,,,,,,,,,,,,
Wallis and Futura Isl.,World,Footwear,Export,Export Product share(%),,,,,,,,,,,,,,,,,,,,,,,,,,,,
Wallis and Futura Isl.,World,Fuels,Export,Export Product share(%),,,,,,,,,,,,,,,,,,,,,,,,,,,,
Wallis and Futura Isl.,World,Hides and Skins,Export,Export Product share(%),,,,,,,,,,,,,,,,,,,,,,,,,,,,
Wallis and Futura Isl.,World,Intermediate goods,Export,Export Product share(%),,,,,,,,,,,,,,,,,,,,,,,,,,,,
Wallis and Futura Isl.,World,Mach and Elec,Export,Export Product share(%),,,,,,,,,,,,,,,,,,,,,,,,,,,,
Wallis and Futura Isl.,World,Metals,Export,Export Product share(%),,,,,,,,,,,,,,,,,,,,,,,,,,,,
Wallis and Futura Isl.,World,Minerals,Export,Export Product share(%),,,,,,,,,,,,,,,,,,,,,,,,,,,,
Wallis and Futura Isl.,World,Miscellaneous,Export,Export Product share(%),,,,,,,,,,,,,,,,,,,,,,,,,,,,
Wallis and Futura Isl.,World,Plastic or Rubber,Export,Export Product share(%),,,,,,,,,,,,,,,,,,,,,,,,,,,,
Wallis and Futura Isl.,World,Raw materials,Export,Export Product share(%),,,,,,,,,,,,,,,,,,,,,,,,,,,,
Wallis and Futura Isl.,World,Stone and Glass,Export,Export Product share(%),,,,,,,,,,,,,,,,,,,,,,,,,,,,
Wallis and Futura Isl.,World,Textiles and Clothing,Export,Export Product share(%),,,,,,,,,,,,,,,,,,,,,,,,,,,,
Wallis and Futura Isl.,World,Transportation,Export,Export Product share(%),,,,,,,,,,,,,,,,,,,,,,,,,,,,
Wallis and Futura Isl.,World,Vegetable,Export,Export Product share(%),,,,,,,,,,,,,,,,,,,,,,,,,,,,
Wallis and Futura Isl.,World,Wood,Export,Export Product share(%),,,,,,,,,,,,,,,,,,,,,,,,,,,,
Wallis and Futura Isl.,World,Capital goods,Import,Import Product share(%),,,,,,,,,,     22.43,     17.08,     16.24,     15.00,     13.76,     14.19,     16.56,,,,,,,,,,,,
Wallis and Futura Isl.,World,Consumer goods,Import,Import Product share(%),,,,,,,,,,     56.65,     59.58,     56.07,     59.25,     58.08,     58.66,     55.79,,,,,,,,,,,,
Wallis and Futura Isl.,World,Intermediate goods,Import,Import Product share(%),,,,,,,,,,     11.90,     12.50,     12.24,     14.35,     16.29,     14.61,     15.61,,,,,,,,,,,,
Wallis and Futura Isl.,World,Raw materials,Import,Import Product share(%),,,,,,,,,,      6.73,      7.92,      7.81,      8.39,      8.82,      8.79,      8.64,,,,,,,,,,,,
Wallis and Futura Isl.,World,All Products,Tariff,Maximum Rate (%),,,,,,,,,,,,,,,,,,,,,,,,,,,,
Wallis and Futura Isl.,World,All Products,Tariff,Simple Average (%),,,,,,,,,,,,,,,,,,,,,,,,,,,,
Wallis and Futura Isl.,World,All Products,Tariff,Weighted Average (%),,,,,,,,,,,,,,,,,,,,,,,,,,,,
Wallis and Futura Isl.,World,Capital goods,Tariff,Weighted Average (%),,,,,,,,,,,,,,,,,,,,,,,,,,,,
Wallis and Futura Isl.,World,Consumer goods,Tariff,Weighted Average (%),,,,,,,,,,,,,,,,,,,,,,,,,,,,
Wallis and Futura Isl.,World,Intermediate goods,Tariff,Weighted Average (%),,,,,,,,,,,,,,,,,,,,,,,,,,,,
Wallis and Futura Isl.,World,Raw materials,Tariff,Weighted Average (%),,,,,,,,,,,,,,,,,,,,,,,,,,,,
Wallis and Futura Isl.,World,All Products,Trade Indicator,World Growth (%),,,,,,,,,,      7.53,      6.26,     10.47,      8.10,      2.06,     -1.85,      7.43,,,,,,,,,,,,
